{"cameraMode":{"drawMode":0,"name":"Shaded","section":"Shading Mode"},"sceneLighting":false,"audioPlay":false,"sceneViewState":{"showFog":true,"showMaterialUpdate":false,"showSkybox":true,"showFlares":true,"showImageEffects":true,"showParticleSystems":true},"in2DMode":false,"pivot":{"x":369.5859375,"y":91.1240234375,"z":-1649.66845703125},"rotation":{"x":-0.2536400854587555,"y":0.7121670842170715,"z":-0.3110771179199219,"w":-0.5767772793769836},"size":127.77992248535156,"orthographic":false}