{"cameraMode":{"drawMode":0,"name":"Shaded","section":"Shading Mode"},"sceneLighting":false,"audioPlay":false,"sceneViewState":{"showFog":true,"showMaterialUpdate":false,"showSkybox":false,"showFlares":true,"showImageEffects":true,"showParticleSystems":true},"in2DMode":false,"pivot":{"x":545.5014038085938,"y":307.2014465332031,"z":-0.1489715576171875},"rotation":{"x":-0.0062790303491055969,"y":-0.9852750301361084,"z":0.1689518541097641,"w":-0.03912486881017685},"size":1134.64111328125,"orthographic":false}